City_ID,City,Country,Lat,Lng,Max Temp,Humidity,Cloudiness,Wind Speed,Current Description
0,Yellowknife,CA,62.46,-114.35,15.8,85,90,10.29,light snow
1,Codrington,AU,-38.27,141.97,71.31,57,0,11.74,clear sky
2,Bucsa,HU,47.2,21.0,36.0,100,90,3.36,mist
3,Albany,US,42.6,-73.97,36.0,60,61,3.47,broken clouds
4,Melfort,CA,52.87,-104.62,21.2,85,97,8.05,overcast clouds
5,Cape Town,ZA,-33.93,18.42,59.0,58,75,5.82,broken clouds
6,Khatanga,RU,71.97,102.5,8.89,96,100,7.14,overcast clouds
7,Hamina,FI,60.57,27.2,30.2,92,90,3.36,overcast clouds
8,Rikitea,PF,-23.12,-134.97,74.82,83,98,11.99,light rain
9,Phalaborwa,ZA,-23.94,31.14,80.6,65,41,2.24,scattered clouds
10,Rocha,UY,-34.48,-54.33,78.87,68,13,13.4,few clouds
11,Puerto Ayora,EC,-0.74,-90.35,71.01,89,97,7.0,overcast clouds
12,Kodiak,US,57.79,-152.41,39.2,78,1,6.67,clear sky
13,Thompson,CA,55.74,-97.86,5.0,84,20,4.7,few clouds
14,Qaqortoq,GL,60.72,-46.03,37.4,51,100,25.28,snow
15,Bhindar,IN,24.5,74.18,56.41,46,27,6.44,scattered clouds
16,Ponta Do Sol,PT,32.67,-17.1,62.6,77,40,2.24,scattered clouds
17,Port Elizabeth,ZA,-33.92,25.57,60.8,77,20,12.75,few clouds
18,Aklavik,CA,68.22,-135.01,1.4,84,90,2.95,light snow
19,Kaitangata,NZ,-46.28,169.85,61.0,72,0,8.01,clear sky
20,Manzanillo,CU,20.34,-77.12,74.77,86,7,13.73,clear sky
21,Ushtobe,KZ,45.25,77.98,15.69,90,0,7.92,clear sky
22,Ushuaia,AR,-54.8,-68.3,44.6,70,75,6.93,light intensity drizzle
23,Tuktoyaktuk,CA,69.45,-133.04,-0.4,84,75,4.7,broken clouds
24,Beringovskiy,RU,63.05,179.32,20.55,94,100,29.44,light snow
25,Sitka,US,57.05,-135.33,44.6,70,90,6.93,overcast clouds
26,Jamestown,US,42.1,-79.24,37.99,69,90,4.7,overcast clouds
27,Kasangulu,CD,-4.59,15.17,69.48,83,100,2.1,overcast clouds
28,Lockhart,US,28.62,-81.44,71.6,60,20,6.93,few clouds
29,East London,ZA,-33.02,27.91,64.85,69,93,15.43,overcast clouds
30,Pevek,RU,69.7,170.31,20.5,96,93,10.63,overcast clouds
31,Burgeo,CA,47.62,-57.62,29.01,90,95,33.29,overcast clouds
32,Te Anau,NZ,-45.42,167.72,64.17,43,1,3.47,clear sky
33,Pangnirtung,CA,66.15,-65.71,5.0,77,90,11.41,light snow
34,Haines Junction,CA,60.75,-137.51,5.0,92,66,1.12,broken clouds
35,Ondjiva,AO,-17.07,15.73,79.52,39,68,8.28,broken clouds
36,Busselton,AU,-33.65,115.33,62.01,62,1,4.0,clear sky
37,Hasaki,JP,35.73,140.83,50.0,93,75,12.75,mist
38,Ashqelon,IL,31.67,34.57,60.8,72,0,2.24,clear sky
39,Churachandpur,IN,24.33,93.67,50.0,100,40,1.12,mist
40,Avarua,CK,-21.21,-159.78,78.8,78,98,6.93,overcast clouds
41,Dikson,RU,73.51,80.55,10.56,96,100,21.25,overcast clouds
42,Alofi,NU,-19.06,-169.92,84.2,70,68,14.99,broken clouds
43,Qitaihe,CN,45.8,130.85,22.21,97,93,2.93,light snow
44,Belleville,CA,44.18,-77.37,26.01,79,90,4.7,overcast clouds
45,Bluff,NZ,-46.6,168.33,69.01,44,0,5.99,clear sky
46,Vaini,TO,-21.2,-175.2,82.4,74,75,9.17,smoke
47,Upernavik,GL,72.79,-56.15,7.2,75,5,9.04,clear sky
48,Punta Arenas,CL,-53.15,-70.92,48.2,66,75,16.11,broken clouds
49,Kapaa,US,22.08,-159.32,78.8,83,90,18.34,moderate rain
50,Mahebourg,MU,-20.41,57.7,75.2,88,75,10.29,shower rain
51,Tieling,CN,42.29,123.84,28.42,91,100,6.22,overcast clouds
52,Hurricane,US,37.18,-113.29,55.4,24,1,3.36,clear sky
53,Ancud,CL,-41.87,-73.82,54.0,76,40,11.41,scattered clouds
54,Abu Samrah,SY,35.3,37.18,53.26,68,82,5.12,broken clouds
55,Saint Augustine,US,29.89,-81.31,69.8,83,75,11.41,broken clouds
56,Taoudenni,ML,22.68,-3.98,58.86,34,47,11.43,scattered clouds
57,Springdale,US,36.19,-94.13,55.0,100,90,6.93,light rain
58,Mount Isa,AU,-20.73,139.5,98.6,13,8,9.17,clear sky
59,Georgetown,MY,5.41,100.34,73.4,94,20,5.01,few clouds
60,Bathsheba,BB,13.22,-59.52,78.8,83,40,10.29,scattered clouds
61,Roald,NO,62.58,6.13,42.8,93,90,11.41,light rain
62,Marsh Harbour,BS,26.54,-77.06,73.27,77,5,23.11,clear sky
63,Alyangula,AU,-13.85,136.42,87.8,66,1,10.29,clear sky
64,Valle De Allende,MX,26.93,-105.4,67.32,29,61,12.64,broken clouds
65,Zhigalovo,RU,54.81,105.16,1.35,91,79,1.52,broken clouds
66,Cidreira,BR,-30.18,-50.21,71.51,79,0,23.31,clear sky
67,Arraial Do Cabo,BR,-22.97,-42.03,75.2,78,75,10.29,broken clouds
68,Pacific Grove,US,36.62,-121.92,61.0,76,1,6.6,haze
69,Clyde River,CA,70.47,-68.59,8.6,92,90,28.86,light snow
70,Sioux Lookout,CA,50.1,-91.92,28.4,92,90,5.82,overcast clouds
71,New Norfolk,AU,-42.78,147.06,79.0,50,20,4.0,few clouds
72,Gamba,GA,-2.65,10.0,78.04,90,98,3.65,overcast clouds
73,Balarampur,IN,23.12,86.22,58.15,43,100,2.95,overcast clouds
74,Geraldton,AU,-28.77,114.6,71.6,68,8,14.99,clear sky
75,Caravelas,BR,-17.71,-39.25,73.74,89,91,4.7,overcast clouds
76,Mataura,NZ,-46.19,168.86,69.01,44,0,5.99,clear sky
77,Berdigestyakh,RU,62.1,126.7,-0.35,91,100,9.91,overcast clouds
78,Coahuayana,MX,18.73,-103.68,78.8,74,40,11.41,scattered clouds
79,Port Alfred,ZA,-33.59,26.89,62.82,70,97,20.33,overcast clouds
80,Dwarka,IN,22.24,68.97,72.34,57,49,13.65,scattered clouds
81,Verkhnetulomskiy,RU,68.61,31.8,19.4,100,90,0.81,fog
82,Vila Franca Do Campo,PT,37.72,-25.43,55.4,58,20,12.75,few clouds
83,Lukulu,ZM,-14.37,23.24,68.56,87,100,3.42,overcast clouds
84,Port Blair,IN,11.67,92.75,80.96,79,34,9.62,scattered clouds
85,Tual,ID,-5.67,132.75,84.31,66,100,2.86,overcast clouds
86,Shingu,JP,33.73,135.98,57.2,76,75,5.82,broken clouds
87,Zeya,RU,53.75,127.27,6.96,87,0,6.11,clear sky
88,Hermanus,ZA,-34.42,19.23,55.99,69,72,3.0,broken clouds
89,Carbunari,RO,44.83,21.74,37.99,85,0,3.38,clear sky
90,Victoria,HK,22.29,114.16,72.0,81,26,15.28,scattered clouds
91,San Cristobal,VE,7.77,-72.22,80.6,78,40,2.24,scattered clouds
92,Souillac,MU,-20.52,57.52,75.2,88,75,10.29,shower rain
93,Rawson,AR,-43.3,-65.1,69.8,37,40,11.41,scattered clouds
94,Daru,PG,-9.08,143.21,84.87,71,96,5.5,light rain
95,Iquitos,PE,-3.75,-73.25,87.8,70,0,2.24,clear sky
96,Zavyalovo,RU,54.51,82.45,21.2,85,90,4.47,light snow
97,Kavieng,PG,-2.57,150.8,84.72,73,100,9.35,overcast clouds
98,Husavik,IS,66.04,-17.34,26.6,92,90,12.53,overcast clouds
99,Faya,SA,18.39,42.45,59.0,87,0,2.71,clear sky
100,Eyrarbakki,IS,63.86,-21.15,32.0,91,0,13.87,clear sky
101,Hithadhoo,MV,-0.6,73.08,81.59,79,0,12.03,clear sky
102,Topolobampo,MX,25.6,-109.05,82.4,23,5,11.41,clear sky
103,Tura,IN,25.52,90.22,59.27,88,28,3.89,scattered clouds
104,Henties Bay,NA,-22.12,14.28,57.99,88,0,9.46,clear sky
105,Brainerd,US,46.36,-94.2,33.8,97,90,2.57,mist
106,Lamont,US,35.26,-118.91,64.99,55,0,3.0,clear sky
107,Broken Hill,AU,-31.95,141.43,77.0,29,5,8.05,clear sky
108,Butaritari,KI,3.07,172.79,82.17,80,40,20.27,light rain
109,Bethel,US,41.37,-73.41,36.0,64,1,3.6,clear sky
110,Longyearbyen,SJ,78.22,15.64,26.6,92,90,5.82,light snow
111,Rio Grande,BR,-32.03,-52.1,73.99,84,0,3.0,clear sky
112,Sembe,CG,1.65,14.58,72.21,86,100,1.01,light rain
113,Fairbanks,US,64.84,-147.72,6.01,77,75,1.12,broken clouds
114,Estreito,BR,-5.78,-43.25,77.22,73,46,2.73,scattered clouds
115,Praya,CV,14.92,-23.51,78.8,78,0,9.17,clear sky
116,Birjand,IR,32.87,59.22,28.4,74,0,6.93,clear sky
117,Cordoba,AR,-31.41,-64.18,89.6,35,40,12.75,scattered clouds
118,Hobart,AU,-42.88,147.33,79.0,46,0,13.87,clear sky
119,Kampot,KH,10.62,104.18,80.6,74,20,2.24,few clouds
120,Constitucion,CL,-35.33,-72.42,56.16,83,0,9.28,clear sky
121,Severo-Kurilsk,RU,50.68,156.12,30.06,92,90,32.82,overcast clouds
122,Quatre Cocos,MU,-20.21,57.76,75.99,88,75,10.29,shower rain
123,Baijiantan,CN,45.63,85.18,22.84,79,78,4.81,broken clouds
124,Ribeira Grande,PT,38.52,-28.7,57.34,62,17,18.52,few clouds
125,Likasi,CD,-10.98,26.73,61.93,94,76,3.8,broken clouds
126,Boca Do Acre,BR,-8.75,-67.4,77.04,91,65,2.15,broken clouds
127,Cabedelo,BR,-6.98,-34.83,77.0,83,20,4.7,few clouds
128,Richards Bay,ZA,-28.78,32.04,70.47,88,99,12.08,light rain
129,Verkhnyaya Inta,RU,65.98,60.31,19.51,97,100,5.14,overcast clouds
130,Coihaique,CL,-45.58,-72.07,50.0,66,75,3.36,broken clouds
131,Khasan,RU,42.43,130.64,35.2,79,68,6.96,broken clouds
132,Tiksi,RU,71.69,128.87,-1.66,92,100,7.67,overcast clouds
133,Cherskiy,RU,68.75,161.3,-0.96,92,100,4.21,light snow
134,Udachnyy,RU,66.42,112.4,-0.4,84,0,6.71,clear sky
135,Kibakwe,TZ,-6.72,36.37,66.33,86,67,3.11,broken clouds
136,Fortuna,US,40.6,-124.16,55.99,72,47,1.99,scattered clouds
137,Nelson Bay,AU,-32.72,152.15,73.0,56,40,10.29,scattered clouds
138,Kenai,US,60.55,-151.26,30.99,80,90,5.82,overcast clouds
139,Lebu,CL,-37.62,-73.65,55.11,90,9,3.69,clear sky
140,Anadyr,RU,64.75,177.48,26.6,86,75,22.37,broken clouds
141,Estacion Coahuila,MX,32.19,-115.0,75.99,12,5,4.7,clear sky
142,Villa Carlos Paz,AR,-31.42,-64.5,84.99,47,56,5.01,broken clouds
143,Kuldur,RU,49.22,131.63,14.65,88,89,4.07,overcast clouds
144,Makueni,KE,-1.8,37.62,66.54,91,47,1.36,scattered clouds
145,Touros,BR,-5.2,-35.46,78.8,78,40,8.05,scattered clouds
146,Tarakan,ID,3.3,117.63,79.84,83,100,10.87,light rain
147,Jasper,US,37.2,-94.35,55.4,93,90,12.75,mist
148,Jiuquan,CN,39.74,98.52,17.73,82,14,1.92,few clouds
149,Tezu,IN,27.92,96.17,59.59,36,5,3.83,clear sky
150,Port Hardy,CA,50.7,-127.42,44.6,87,75,4.7,broken clouds
151,Iqaluit,CA,63.75,-68.51,1.4,77,75,8.05,light snow
152,Qaanaaq,GL,77.48,-69.36,8.89,91,100,1.74,overcast clouds
153,Flin Flon,CA,54.77,-101.86,12.2,92,75,3.29,light snow
154,Mount Gambier,AU,-37.83,140.77,69.8,46,0,11.41,clear sky
155,Missungwi,TZ,-2.85,33.08,71.6,78,75,2.1,broken clouds
156,Faanui,PF,-16.48,-151.75,81.19,79,6,14.45,clear sky
157,Hilo,US,19.73,-155.09,82.4,58,1,3.36,clear sky
158,Soligalich,RU,59.08,42.29,31.6,99,100,4.34,overcast clouds
159,Gualeguay,AR,-33.14,-59.31,80.04,53,73,8.21,broken clouds
160,Petatlan,MX,17.52,-101.27,84.2,70,5,2.21,clear sky
161,Zhoucheng,CN,35.91,116.31,39.99,1,5,2.46,clear sky
162,Tocopilla,CL,-22.09,-70.2,65.84,61,34,8.5,scattered clouds
163,Provideniya,RU,64.38,-173.3,37.4,93,90,26.84,light rain
164,Assiniboia,CA,49.63,-105.98,23.0,79,0,8.05,clear sky
165,Barrow,US,71.29,-156.79,10.4,85,90,24.16,light snow
166,Hamilton,US,39.18,-84.53,46.99,65,1,5.77,clear sky
167,Craig,US,40.52,-107.55,37.4,44,90,11.41,overcast clouds
168,Puerto Escondido,MX,15.85,-97.07,86.0,62,20,5.82,few clouds
169,Tasiilaq,GL,65.61,-37.64,21.2,79,99,10.29,overcast clouds
170,San Quintin,MX,30.48,-115.95,62.85,67,0,9.55,clear sky
171,Hoi An,VN,15.88,108.33,78.8,83,40,5.82,scattered clouds
172,Brasileia,BR,-11.02,-68.75,80.6,88,75,3.36,broken clouds
173,Atuona,PF,-9.8,-139.03,78.76,73,14,13.87,few clouds
174,Grindavik,IS,63.84,-22.43,33.8,80,40,13.87,scattered clouds
175,Carnarvon,AU,-24.87,113.63,73.4,78,0,19.46,clear sky
176,Rudsar,IR,37.14,50.29,53.62,68,1,10.45,clear sky
177,Manaure,CO,11.78,-72.44,82.26,77,17,14.88,few clouds
178,Vitim,RU,59.45,112.56,6.46,93,100,7.2,overcast clouds
179,Doha,QA,25.29,51.53,68.0,72,0,10.29,clear sky
180,Bilibino,RU,68.05,166.44,-3.91,89,99,2.64,overcast clouds
181,Castro,BR,-24.79,-50.01,63.28,92,33,7.63,scattered clouds
182,Kharp,RU,66.8,65.81,9.72,94,100,1.66,overcast clouds
183,Warrington,GB,53.39,-2.58,53.6,81,96,16.11,overcast clouds
184,Lagoa,PT,39.05,-27.98,56.68,60,42,16.49,scattered clouds
185,Taganak,PH,6.08,118.3,77.0,94,40,3.36,heavy intensity rain
186,Alice Springs,AU,-23.7,133.88,86.0,17,0,8.05,clear sky
187,Pisco,PE,-13.7,-76.22,66.2,72,0,21.92,clear sky
188,Bredasdorp,ZA,-34.53,20.04,53.6,66,53,8.05,broken clouds
189,Cowra,AU,-33.83,148.68,66.0,71,11,3.0,few clouds
190,Paita,PE,-5.09,-81.11,63.91,83,46,18.12,scattered clouds
191,Los Llanos De Aridane,ES,28.66,-17.92,68.0,64,0,5.82,clear sky
192,Arman,RU,59.7,150.17,0.86,84,11,8.61,few clouds
193,Mar Del Plata,AR,-38.0,-57.56,66.99,88,0,5.3,clear sky
194,Abu Dhabi,AE,24.47,54.37,71.6,64,20,3.36,few clouds
195,Causapscal,CA,48.35,-67.23,15.4,90,16,8.25,few clouds
196,Sinnamary,GF,5.38,-52.95,78.35,86,45,9.4,scattered clouds
197,Thinadhoo,MV,0.53,72.93,81.79,78,1,10.47,clear sky
198,Oistins,BB,13.07,-59.53,78.8,83,40,10.29,scattered clouds
199,Nuuk,GL,64.18,-51.72,32.0,96,100,16.11,overcast clouds
200,Wajir,KE,1.75,40.06,79.65,73,0,14.41,clear sky
201,Saint-Philippe,RE,-21.36,55.77,73.4,60,87,6.93,overcast clouds
202,Schweinfurt,DE,50.05,10.23,39.0,92,96,4.27,overcast clouds
203,Arandis,NA,-22.42,14.97,57.99,88,5,2.44,clear sky
204,Cruz Alta,BR,-28.64,-53.61,74.68,36,60,9.62,broken clouds
205,Porto Novo,BJ,6.5,2.6,84.2,79,40,12.75,scattered clouds
206,San Andres,CO,12.58,-81.7,78.8,94,90,9.17,light intensity drizzle
207,Chokurdakh,RU,70.63,147.92,-1.16,93,100,9.01,overcast clouds
208,Sawtell,AU,-30.38,153.1,75.2,60,75,12.75,broken clouds
209,Sorland,NO,67.67,12.69,41.0,86,75,18.34,broken clouds
210,Mahad,IN,18.08,73.42,72.01,55,96,3.98,overcast clouds
211,Poum,NC,-20.23,164.02,78.19,75,89,15.03,light rain
212,Mahibadhoo,MV,3.78,72.97,82.67,66,92,6.2,overcast clouds
213,Hami,CN,42.8,93.45,16.48,74,0,3.27,clear sky
214,Kruisfontein,ZA,-34.0,24.73,57.0,88,22,1.99,few clouds
215,Salinas,US,36.68,-121.66,64.4,48,1,12.75,clear sky
216,Kolokani,ML,13.57,-8.03,68.58,22,0,10.87,clear sky
217,Toila,EE,59.42,27.5,37.58,79,35,4.85,scattered clouds
218,Torbay,CA,47.67,-52.73,37.99,83,90,35.57,overcast clouds
219,Sakakah,SA,29.97,40.21,55.4,62,0,3.36,clear sky
220,Soe,ID,-9.86,124.28,82.51,48,62,1.61,broken clouds
221,Baindur,IN,13.87,74.63,75.45,63,89,6.26,overcast clouds
222,Buala,SB,-8.14,159.59,78.98,71,100,6.82,overcast clouds
223,San Antonio,US,29.42,-98.49,82.4,51,20,10.29,few clouds
224,Huarmey,PE,-10.07,-78.15,64.29,81,8,8.19,clear sky
225,Laguna,US,38.42,-121.42,64.0,39,1,5.82,clear sky
226,Sao Gabriel Da Cachoeira,BR,-0.13,-67.09,75.85,95,100,0.49,light rain
227,Garmsar,IR,35.22,52.34,44.33,78,0,0.58,clear sky
228,Ostrovnoy,RU,68.05,39.51,32.16,96,37,3.6,scattered clouds
229,Willowmore,ZA,-33.29,23.49,51.73,71,22,5.01,few clouds
230,Atbasar,KZ,51.8,68.33,7.74,95,55,7.18,broken clouds
231,Vila,PT,42.03,-8.16,51.01,92,100,4.0,moderate rain
232,Tuatapere,NZ,-46.13,167.68,69.01,44,0,5.99,clear sky
233,Bosaso,SO,11.28,49.18,80.1,77,33,2.77,scattered clouds
234,Broome,US,42.25,-75.83,30.99,68,1,3.36,clear sky
235,Srednekolymsk,RU,67.45,153.68,-2.06,92,100,9.28,overcast clouds
236,Zhigansk,RU,66.77,123.37,-2.85,91,100,14.05,overcast clouds
237,Mulege,MX,26.88,-111.98,70.66,50,0,6.44,clear sky
238,Flagstaff,US,35.2,-111.65,44.01,38,1,6.93,clear sky
239,Solvychegodsk,RU,61.33,46.92,24.55,97,100,5.19,snow
240,Mezen,RU,65.85,44.24,26.46,98,100,5.61,overcast clouds
241,Sao Joao De Pirabas,BR,-0.77,-47.18,78.91,82,43,8.97,scattered clouds
242,Yulara,AU,-25.24,130.99,86.0,15,53,14.99,broken clouds
243,Lorengau,PG,-2.02,147.27,85.98,65,76,6.42,broken clouds
244,Agua Verde,MX,22.9,-106.05,80.6,78,20,8.05,few clouds
245,Kavaratti,IN,10.57,72.64,82.09,69,61,7.65,broken clouds
246,Waipawa,NZ,-41.41,175.52,60.01,93,100,4.7,light rain
247,Solnechnyy,RU,50.72,136.63,15.73,80,0,2.04,clear sky
248,Krasnoselkup,RU,65.7,82.47,12.2,96,99,10.65,overcast clouds
249,Darnah,LY,32.77,22.64,63.1,71,99,9.98,light rain
250,Zabol,AF,32.25,67.25,35.51,93,51,8.37,broken clouds
251,Muhos,FI,64.81,25.99,24.8,100,90,1.12,overcast clouds
252,Grand-Lahou,CI,5.14,-5.02,78.71,83,76,7.11,light rain
253,Mandalgovi,MN,45.76,106.27,10.47,96,56,6.64,broken clouds
254,Costa Rica,BR,-23.42,-54.65,76.86,40,0,4.72,clear sky
255,Bisho,ZA,-32.85,27.44,54.25,90,97,4.94,overcast clouds
256,Svetlyy,RU,54.67,20.13,46.4,93,90,13.42,overcast clouds
257,Kamenka,RU,51.32,42.77,32.9,99,100,6.2,overcast clouds
258,Ouadda,CF,8.08,22.4,70.74,39,18,3.29,few clouds
259,Bambous Virieux,MU,-20.34,57.76,75.99,88,75,11.41,shower rain
260,Bilma,NE,18.69,12.92,64.76,36,0,17.02,clear sky
261,Cody,US,44.53,-109.06,39.2,29,1,6.93,clear sky
262,Sao Filipe,CV,14.9,-24.5,79.5,71,100,4.7,overcast clouds
263,Gao,ML,16.64,1.64,67.95,22,1,7.34,clear sky
264,Buhe,CN,30.29,112.23,37.99,96,100,8.23,overcast clouds
265,Kon Tum,VN,14.35,108.0,68.22,84,93,3.24,overcast clouds
266,Salimbalan,PH,8.27,124.72,80.01,85,94,3.0,overcast clouds
267,Marystown,CA,47.17,-55.15,37.99,100,99,15.01,overcast clouds
268,Villazon,BO,-22.09,-65.59,54.01,64,89,17.29,light rain
269,Najibabad,IN,29.63,78.33,59.72,48,100,3.2,overcast clouds
270,Mandan,US,46.83,-100.89,26.6,85,1,3.62,clear sky
271,Shimoda,JP,34.67,138.95,53.6,87,75,20.8,broken clouds
272,Airai,TL,-8.93,125.41,73.6,67,28,1.01,scattered clouds
273,Narsaq,GL,60.92,-46.05,37.4,51,100,25.28,snow
274,The Valley,AI,18.22,-63.06,79.0,83,20,6.93,few clouds
275,Tulun,RU,54.56,100.58,5.36,94,70,2.28,broken clouds
276,Nefteyugansk,RU,61.1,72.6,19.4,100,75,11.18,broken clouds
277,Capinopolis,BR,-18.68,-49.57,73.44,74,43,9.31,moderate rain
278,Sisimiut,GL,66.94,-53.67,23.16,94,100,5.57,light snow
279,Vao,NC,-22.67,167.48,75.61,68,21,9.37,few clouds
280,Yeppoon,AU,-23.13,150.73,84.2,51,75,10.29,light rain
281,Leningradskiy,RU,69.38,178.42,26.71,97,100,25.66,light snow
282,Elliot Lake,CA,46.38,-82.63,28.4,79,90,13.87,overcast clouds
283,Voyvozh,RU,62.89,54.96,18.91,96,100,7.56,overcast clouds
284,Hambantota,LK,6.12,81.12,78.15,81,100,14.7,overcast clouds
285,Altay,CN,47.87,88.12,10.22,61,29,3.85,scattered clouds
286,Naze,JP,28.37,129.48,71.6,73,75,11.41,broken clouds
287,Brawley,US,32.98,-115.53,73.99,18,1,6.93,clear sky
288,Margate,GB,51.38,1.39,50.0,77,100,5.01,overcast clouds
289,Douglas,US,41.3,-96.17,39.99,100,90,11.41,overcast clouds
290,Cockburn Town,TC,21.46,-71.14,79.95,73,2,21.65,clear sky
291,Tiarei,PF,-17.53,-149.33,78.8,94,75,18.34,light rain
292,Dudinka,RU,69.41,86.18,15.8,85,75,13.42,light snow
293,Taltal,CL,-25.4,-70.48,62.96,70,37,5.3,scattered clouds
294,Sar-E Pul,AF,35.83,66.17,26.85,93,90,1.45,overcast clouds
295,Manoel Urbano,BR,-8.84,-69.26,79.32,80,80,7.05,light rain
296,Sao Joao Da Barra,BR,-21.64,-41.05,72.54,86,94,9.01,overcast clouds
297,Palu,ID,-0.89,119.87,82.17,68,98,1.01,moderate rain
298,Santa Isabel Do Rio Negro,BR,-0.41,-65.02,76.01,89,100,0.74,overcast clouds
299,Jieshi,CN,22.81,115.83,71.01,76,49,1.01,scattered clouds
300,Quelimane,MZ,-17.88,36.89,79.16,69,0,4.72,clear sky
301,Ilebo,CD,-4.32,20.58,69.31,96,100,0.78,overcast clouds
302,Brae,GB,60.4,-1.35,44.6,87,75,10.29,light rain
303,Half Moon Bay,US,37.46,-122.43,64.0,82,1,10.29,clear sky
304,Vrede,ZA,-27.43,29.17,57.61,51,0,3.36,clear sky
305,Nishihara,JP,26.18,127.76,73.4,64,75,10.29,broken clouds
306,Nagornskiy,RU,58.77,57.55,23.0,83,100,5.01,overcast clouds
307,Naryan-Mar,RU,67.67,53.09,19.99,97,99,11.34,overcast clouds
308,Ratnagiri,IN,16.98,73.3,75.02,61,90,5.66,overcast clouds
309,Alamos,MX,27.02,-108.93,79.0,42,0,3.0,clear sky
310,Dolores,AR,-36.31,-57.68,64.63,96,100,14.25,moderate rain
311,Shubarkuduk,KZ,49.14,56.49,19.24,94,20,9.33,few clouds
312,Asau,RO,46.43,26.4,33.01,81,0,5.06,clear sky
313,Tazovskiy,RU,67.47,78.7,7.99,95,100,9.44,overcast clouds
314,Tineo,ES,43.34,-6.41,57.99,66,90,4.7,overcast clouds
315,Niort,FR,46.33,-0.33,48.99,81,100,4.0,overcast clouds
316,Kashi,CN,39.45,75.98,21.2,73,20,11.18,few clouds
317,Nikolskoye,RU,59.7,30.79,36.0,90,75,4.47,broken clouds
318,Ukiah,US,39.15,-123.21,64.4,39,1,3.36,clear sky
319,Boyolangu,ID,-8.12,111.89,80.15,77,89,7.25,overcast clouds
320,Bubaque,GW,11.28,-15.83,82.27,77,3,14.09,clear sky
321,Antalaha,MG,-14.9,50.28,72.18,85,51,6.26,broken clouds
322,Havelock,US,34.88,-76.9,46.99,80,29,4.25,scattered clouds
323,Wamba,NG,8.93,8.6,77.09,46,79,3.87,broken clouds
324,Chapais,CA,49.78,-74.85,10.4,85,90,2.24,overcast clouds
325,Cap Malheureux,MU,-19.98,57.61,75.99,78,4,5.01,clear sky
326,Nogales,MX,31.31,-110.94,66.2,16,1,9.17,clear sky
327,Guryevsk,RU,54.28,85.93,8.01,95,77,0.98,broken clouds
328,Capinota,BO,-17.72,-66.23,75.2,29,75,5.82,broken clouds
329,Katsuura,JP,35.13,140.3,52.0,87,75,13.87,broken clouds
330,Verkhnevilyuysk,RU,63.45,120.32,-2.9,90,100,8.93,overcast clouds
331,Novyy Urengoy,RU,66.08,76.63,12.96,96,94,10.25,overcast clouds
332,Sant,RO,47.45,24.9,27.0,81,7,1.57,clear sky
333,Taonan,CN,45.33,122.78,26.91,92,97,6.04,overcast clouds
334,Rapid Valley,US,44.06,-103.15,37.4,50,1,1.05,clear sky
335,Muros,ES,42.78,-9.06,53.01,93,99,4.56,light rain
336,Vestmannaeyjar,IS,63.44,-20.27,36.59,79,89,14.61,overcast clouds
337,Ozernovskiy,RU,51.5,156.52,30.49,91,100,30.91,overcast clouds
338,Nemuro,JP,43.32,145.57,33.8,64,75,6.93,broken clouds
339,Palmer,US,42.16,-72.33,30.99,68,40,3.22,scattered clouds
340,Thunder Bay,CA,48.4,-89.32,34.0,94,90,4.7,mist
341,Xuddur,SO,4.12,43.89,74.95,78,46,9.93,scattered clouds
342,Ust-Kalmanka,RU,52.12,83.31,12.83,96,94,1.25,overcast clouds
343,Santa Branca,BR,-23.4,-45.88,69.8,73,40,5.82,scattered clouds
344,Banda Aceh,ID,5.56,95.32,78.84,79,33,10.67,scattered clouds
345,Cedar City,US,37.68,-113.06,39.2,48,1,12.75,clear sky
346,Ahipara,NZ,-35.17,173.17,69.28,75,46,19.17,scattered clouds
347,Wanning,CN,18.8,110.4,75.29,87,85,11.65,overcast clouds
348,Kastamonu,TR,41.5,33.67,37.09,90,100,1.79,overcast clouds
349,Saint-Joseph,RE,-21.37,55.62,69.8,60,91,4.7,overcast clouds
350,Meulaboh,ID,4.14,96.13,76.37,89,63,4.72,broken clouds
351,Olga,RU,43.74,135.29,28.9,85,100,3.4,overcast clouds
352,Palana,RU,59.12,159.97,13.8,97,98,2.1,light snow
353,Portobelo,PA,9.55,-79.65,79.0,99,99,6.78,overcast clouds
354,Antofagasta,CL,-23.65,-70.4,60.8,77,90,9.17,overcast clouds
355,Lompoc,US,34.64,-120.46,63.0,55,1,10.29,clear sky
356,Lazurne,UA,46.08,32.53,43.92,67,25,10.96,scattered clouds
357,Stryn,NO,61.9,6.72,34.0,95,100,9.42,light rain
358,Khorixas,NA,-20.37,14.97,63.75,45,0,2.75,clear sky
359,Kawalu,ID,-7.38,108.21,75.85,81,92,2.26,overcast clouds
360,Harper,LR,4.38,-7.72,78.03,88,9,7.81,clear sky
361,Anstruther,GB,56.22,-2.7,46.4,93,75,9.17,broken clouds
362,Miri,MY,4.41,114.01,75.2,94,40,5.82,heavy intensity rain
363,Kousseri,CM,12.08,15.03,73.4,38,87,6.93,overcast clouds
364,Seydi,TM,39.48,62.91,28.27,91,15,6.76,few clouds
365,Mogadishu,SO,2.04,45.34,79.39,81,27,8.57,scattered clouds
366,Sena Madureira,BR,-9.07,-68.66,75.81,93,74,3.65,light rain
367,Kuandian,CN,40.73,124.78,31.17,86,96,0.74,overcast clouds
368,Krasnokamensk,RU,50.1,118.04,5.72,88,0,4.94,clear sky
369,Shenjiamen,CN,29.96,122.3,60.15,91,100,1.92,overcast clouds
370,Kosh-Agach,RU,50.0,88.67,0.03,90,97,1.23,overcast clouds
371,Ilulissat,GL,69.22,-51.1,21.2,53,99,28.86,light shower snow
372,Champerico,GT,14.3,-91.92,84.2,70,75,4.7,broken clouds
373,Yar-Sale,RU,66.83,70.83,14.38,96,99,11.1,overcast clouds
374,Iskateley,RU,67.68,53.15,19.9,97,99,11.41,overcast clouds
375,Vallam,IN,10.72,79.08,77.0,83,75,6.93,mist
376,Nago,JP,26.59,127.98,71.6,77,75,5.82,broken clouds
377,Clovis,US,36.83,-119.7,64.99,36,1,3.36,haze
378,Akureyri,IS,65.68,-18.09,26.6,92,90,2.37,overcast clouds
379,Pingliang,CN,35.54,106.69,22.14,92,93,5.75,snow
380,Emerald,AU,-23.53,148.17,82.99,57,100,9.17,overcast clouds
381,Surt,LY,31.21,16.59,65.23,71,12,9.08,light rain
382,Isangel,VU,-19.55,169.27,86.0,66,75,6.93,broken clouds
383,Walvis Bay,NA,-22.96,14.51,57.99,82,0,6.93,clear sky
384,Kamina,CD,-8.74,24.99,65.75,99,100,5.26,moderate rain
385,San Rafael,AR,-34.62,-68.33,73.67,28,0,6.04,clear sky
386,Ebeltoft,DK,56.19,10.68,50.0,87,99,8.05,overcast clouds
387,Alanya,TR,36.54,32.0,50.0,100,0,5.82,clear sky
388,Awka,NG,6.21,7.07,80.6,83,70,3.36,broken clouds
389,Chernyshevskiy,RU,63.01,112.47,-11.27,89,0,2.48,clear sky
390,Carauari,BR,-4.88,-66.9,75.52,90,100,2.13,overcast clouds
391,Namatanai,PG,-3.67,152.43,85.21,67,98,8.86,overcast clouds
392,Dunedin,NZ,-45.87,170.5,57.99,69,0,27.0,clear sky
393,Alexandria,EG,31.22,29.96,66.2,82,40,2.24,scattered clouds
394,San Policarpo,PH,12.18,125.51,82.94,74,50,18.41,scattered clouds
395,Lianzhou,CN,24.78,112.38,58.35,69,59,1.77,broken clouds
396,Inta,RU,66.03,60.17,19.94,97,100,5.99,overcast clouds
397,Marawi,PH,8.0,124.29,80.01,85,100,3.0,overcast clouds
398,Bengkulu,ID,-3.8,102.27,74.53,92,100,0.81,overcast clouds
399,Raudeberg,NO,61.99,5.14,50.0,93,100,23.04,moderate rain
400,Luneville,FR,48.6,6.5,44.6,81,0,5.82,clear sky
401,Boguchany,RU,58.38,97.45,9.64,94,97,2.33,overcast clouds
402,Kununurra,AU,-15.77,128.73,80.6,88,53,5.82,broken clouds
403,Anloga,GH,5.79,0.9,82.4,83,20,9.17,few clouds
404,Bolshoye Murashkino,RU,55.78,44.78,32.2,98,100,3.96,light snow
405,Sivas,TR,39.79,37.0,28.4,79,75,8.05,broken clouds
406,Esperance,AU,-33.87,121.9,60.8,77,90,17.22,overcast clouds
407,Baykit,RU,61.67,96.37,7.68,92,100,1.39,overcast clouds
408,Malihabad,IN,26.92,80.72,51.8,87,5,4.32,fog
409,Saint George,US,37.1,-113.58,55.4,24,1,3.36,clear sky
410,Coquimbo,CL,-29.95,-71.34,60.8,77,0,10.29,clear sky
411,Mildura,AU,-34.2,142.15,82.0,38,0,11.41,clear sky
412,Chitral,PK,35.85,71.79,36.48,75,100,2.46,overcast clouds
413,Kutulik,RU,53.35,102.78,3.79,94,25,0.96,scattered clouds
414,Troitsko-Pechorsk,RU,62.71,56.2,20.57,96,100,7.52,overcast clouds
415,Sibolga,ID,1.74,98.78,74.88,84,100,3.38,light rain
416,Salalah,OM,17.02,54.09,78.8,27,0,11.41,clear sky
417,Chuy,UY,-33.7,-53.46,73.22,77,43,12.37,scattered clouds
418,College,US,64.86,-147.8,6.01,77,40,4.7,scattered clouds
419,Hualmay,PE,-11.1,-77.61,64.08,80,12,9.78,few clouds
420,San Pedro,PH,14.35,121.02,84.0,69,40,3.36,scattered clouds
421,Kishtwar,IN,33.32,75.77,39.0,75,100,1.25,overcast clouds
422,Saskylakh,RU,71.92,114.08,-5.84,91,94,4.34,overcast clouds
423,Yenagoa,NG,4.92,6.26,76.6,93,100,3.71,overcast clouds
424,Marzuq,YE,14.4,46.47,68.38,52,93,3.13,overcast clouds
425,Am Timan,TD,11.03,20.28,74.39,28,41,6.53,scattered clouds
426,Komsomolskiy,UZ,40.43,71.72,28.4,74,100,4.7,mist
427,Requena,ES,39.49,-1.1,46.99,93,39,3.36,scattered clouds
428,Linping,CN,30.42,120.3,52.0,100,75,4.47,mist
429,Almeirim,BR,-1.52,-52.58,78.28,77,85,5.7,light rain
430,Port Macquarie,AU,-31.43,152.92,80.01,41,19,1.99,few clouds
431,Tuytepa,UZ,41.03,69.36,26.6,79,100,0.83,mist
432,Vysokogornyy,RU,50.12,139.15,11.01,94,100,8.77,overcast clouds
433,Sabang,ID,5.89,95.32,82.58,76,34,16.71,scattered clouds
434,Cassilandia,BR,-19.11,-51.73,79.05,50,46,3.38,scattered clouds
435,San Julian,MX,21.02,-102.17,66.58,36,1,6.35,clear sky
436,Beloha,MG,-25.17,45.05,70.45,74,41,4.05,scattered clouds
437,Rosetta,EG,31.4,30.42,66.2,82,40,2.24,scattered clouds
438,Aripuana,BR,-9.17,-60.63,76.69,90,97,3.98,moderate rain
439,Kahului,US,20.89,-156.47,80.6,69,75,20.8,broken clouds
440,Omboue,GA,-1.57,9.26,77.65,91,100,4.43,light rain
441,Vardo,NO,70.37,31.11,35.74,81,99,9.24,overcast clouds
442,Elk River,US,45.3,-93.57,36.0,93,100,2.75,overcast clouds
443,Pokrovsk,UA,48.28,37.18,33.94,91,71,10.09,broken clouds
444,Fatehabad,IN,29.52,75.45,62.31,31,94,3.42,overcast clouds
445,Sheksna,RU,59.21,38.51,30.13,98,99,3.94,overcast clouds
446,Mehamn,NO,71.04,27.85,29.62,94,100,12.64,overcast clouds
447,Kendari,ID,-3.94,122.5,79.32,82,100,3.11,heavy intensity rain
448,Rio Gallegos,AR,-51.62,-69.22,53.6,58,75,2.24,broken clouds
449,Halifax,CA,44.65,-63.57,33.8,55,42,13.87,scattered clouds
450,Erzurum,TR,40.0,41.5,21.2,92,0,3.27,clear sky
451,Labuhan,ID,-6.88,112.21,80.51,81,100,10.33,overcast clouds
452,Itarantim,BR,-15.66,-40.07,67.71,95,35,3.78,scattered clouds
453,Mao,ES,39.89,4.27,55.4,66,100,4.7,overcast clouds
454,Alta Floresta,BR,-9.88,-56.09,73.9,94,67,3.29,broken clouds
455,Vanimo,PG,-2.67,141.3,85.51,61,76,0.45,broken clouds
456,Pushchino,RU,54.83,37.63,34.0,98,75,8.95,broken clouds
457,Cilegon,ID,-6.02,106.05,78.8,83,20,11.41,few clouds
458,Comodoro Rivadavia,AR,-45.87,-67.5,64.4,35,0,19.46,clear sky
459,Tataranu,RO,45.52,27.32,30.2,80,5,5.82,clear sky
460,Camacupa,AO,-12.02,17.48,63.55,98,100,7.02,light rain
461,Egvekinot,RU,66.32,-179.17,23.32,98,100,20.18,snow
462,Knokke-Heist,BE,51.33,3.33,44.6,87,100,18.34,overcast clouds
463,Luderitz,NA,-26.65,15.16,60.8,72,0,10.29,clear sky
464,Minsk Mazowiecki,PL,52.18,21.57,39.99,75,99,10.13,overcast clouds
465,Gidam,IN,18.98,81.4,59.43,76,100,3.2,overcast clouds
466,Talnakh,RU,69.49,88.4,15.8,85,75,13.42,light snow
467,Garowe,SO,8.41,48.48,74.34,70,55,10.47,broken clouds
468,Kayes,ML,14.0,-11.0,72.91,19,3,8.5,clear sky
469,High Prairie,CA,55.43,-116.49,37.4,91,100,4.7,overcast clouds
470,Emiliano Zapata,MX,18.83,-99.18,80.6,30,5,5.82,clear sky
471,Guerrero Negro,MX,27.98,-114.06,64.74,70,0,13.2,clear sky
472,Araouane,ML,18.9,-3.53,63.27,28,36,11.5,scattered clouds
473,Hobyo,SO,5.35,48.53,80.19,77,31,9.04,scattered clouds
474,Russkaya Polyana,UA,49.42,31.92,39.74,78,100,10.6,overcast clouds
475,Nova Friburgo,BR,-22.28,-42.53,62.02,97,99,2.15,overcast clouds
476,Praia Da Vitoria,PT,38.73,-27.07,55.4,62,20,15.97,few clouds
477,Impfondo,CG,1.64,18.07,71.42,93,100,0.69,overcast clouds
478,Kigali,RW,-1.95,30.06,64.4,100,90,6.93,fog
479,San Isidro,PE,-12.12,-77.05,64.4,72,0,18.34,clear sky
480,Votkinsk,RU,57.05,53.99,26.01,92,100,3.0,light snow
481,Berwick,US,41.05,-76.23,39.99,74,87,2.42,overcast clouds
482,Vinh,VN,18.67,105.67,72.19,92,80,6.04,broken clouds
483,Norman Wells,CA,65.28,-126.83,-0.4,77,90,3.36,light snow
484,Gat,IL,31.61,34.76,60.8,72,0,2.24,clear sky
485,Morehead,US,37.27,-87.18,53.6,65,1,8.52,clear sky
486,Matagami,CA,49.75,-77.63,10.4,92,90,8.05,overcast clouds
487,San Juan,AR,-31.54,-68.54,79.09,26,0,8.68,clear sky
488,Dingle,PH,11.0,122.67,79.5,85,74,13.82,broken clouds
489,Vieques,PR,18.43,-65.83,75.2,94,40,8.05,scattered clouds
490,Mikuni,JP,36.22,136.15,44.6,81,75,3.36,broken clouds
491,Saint Anthony,US,45.02,-93.22,37.4,93,90,2.17,overcast clouds
492,Formosa Do Rio Preto,BR,-11.05,-45.19,71.46,68,17,5.35,few clouds
493,Port Lincoln,AU,-34.73,135.87,76.82,37,0,11.27,clear sky
494,Sebring,US,27.5,-81.44,70.0,77,1,5.82,clear sky
495,Thung Song,TH,8.16,99.68,78.8,94,20,3.36,few clouds
496,Carutapera,BR,-1.2,-46.02,78.91,83,19,7.76,few clouds
497,Teya,RU,60.38,92.63,6.26,92,93,3.96,overcast clouds
498,Cristalina,BR,-16.77,-47.61,62.44,100,28,8.43,scattered clouds
499,Saint-Francois,FR,46.42,3.91,34.0,82,90,6.93,fog
500,Lampang,TH,18.33,99.5,66.2,93,0,1.41,clear sky
501,Rusape,ZW,-18.53,32.13,66.4,85,100,3.29,overcast clouds
502,Mago,RU,53.25,140.18,12.99,82,38,14.12,scattered clouds
503,Lavrentiya,RU,65.58,-171.0,36.97,93,100,38.43,light rain
504,Ucluelet,CA,48.93,-125.55,44.6,87,75,2.24,broken clouds
505,Camacha,PT,33.08,-16.33,64.4,77,40,11.41,scattered clouds
506,Vestmanna,FO,62.16,-7.17,37.4,93,26,1.12,scattered clouds
507,Mayo,US,38.89,-76.51,46.4,65,40,6.93,scattered clouds
508,Kurtalan,TR,37.93,41.7,35.6,74,75,1.16,broken clouds
509,Moron,AR,-34.65,-58.62,73.4,60,0,20.8,moderate rain
510,Morondava,MG,-20.28,44.28,79.68,65,36,3.56,scattered clouds
511,Bontang,ID,0.13,117.5,78.75,86,100,4.81,overcast clouds
512,Anapskaya,RU,44.89,37.38,32.0,75,68,4.47,broken clouds
513,Qianan,CN,44.99,124.06,24.01,98,99,5.59,overcast clouds
514,San Mateo,US,37.45,-122.35,64.0,51,5,8.05,clear sky
515,Paamiut,GL,61.99,-49.67,34.25,88,100,30.09,overcast clouds
516,Cajati,BR,-24.74,-48.12,69.22,91,52,1.79,broken clouds
517,Pozo Colorado,PY,-23.49,-58.8,89.24,34,0,9.73,clear sky
518,Tabas,IR,33.6,56.92,42.8,56,0,2.24,clear sky
519,Mumbwa,ZM,-14.98,27.06,65.28,85,89,4.9,overcast clouds
520,Tilichiki,RU,60.47,166.1,4.51,94,95,5.73,overcast clouds
521,Batagay-Alyta,RU,67.8,130.41,-3.69,87,93,3.02,overcast clouds
522,Visnes,NO,59.36,5.22,51.01,93,100,23.04,overcast clouds
523,Along,IN,28.17,94.77,49.12,59,6,1.81,clear sky
524,Tete,MZ,-16.16,33.59,93.2,36,40,5.82,scattered clouds
525,Langub,PH,10.8,123.54,81.95,78,89,14.67,overcast clouds
526,Aswan,EG,24.09,32.91,61.68,32,0,5.77,clear sky
527,Nouadhibou,MR,20.93,-17.03,75.2,33,91,9.17,overcast clouds
528,Kozhva,RU,65.11,57.05,21.7,97,100,8.81,overcast clouds
529,Lazaro Cardenas,MX,17.96,-102.2,79.79,80,3,3.69,clear sky
530,Leh,IN,34.17,77.58,18.64,84,97,2.73,overcast clouds
531,Kamaishi,JP,39.27,141.88,33.8,100,75,2.24,broken clouds
532,Nanortalik,GL,60.14,-45.24,31.77,98,100,37.49,overcast clouds
533,Sartell,US,45.62,-94.21,35.6,93,90,3.94,fog
534,Road Town,VG,18.42,-64.62,80.6,78,40,10.92,scattered clouds
535,Saldanha,ZA,-33.01,17.94,53.6,76,87,2.24,overcast clouds
536,Minab,IR,27.15,57.08,64.4,42,0,6.93,clear sky
537,Miramar,US,25.99,-80.23,77.0,69,40,12.75,scattered clouds
538,Puerto Del Rosario,ES,28.5,-13.86,68.0,45,0,8.05,clear sky
539,Bafra,TR,41.57,35.91,50.0,81,75,6.93,moderate rain
540,Srandakan,ID,-7.94,110.25,80.26,78,88,3.44,moderate rain
541,Marabba,SD,12.35,32.18,77.22,26,0,9.4,clear sky
542,Barda,AZ,40.37,47.13,40.12,69,17,5.39,few clouds
543,Juegang,CN,32.32,121.19,51.01,96,99,1.99,overcast clouds
544,Baiyin,CN,36.56,104.21,26.01,67,90,2.24,light snow
545,Ketchikan,US,55.34,-131.65,39.2,100,90,20.8,light rain
546,Vila Velha,BR,-20.33,-40.29,73.4,88,90,3.36,overcast clouds
547,Marang,MY,5.21,103.21,77.0,94,40,4.7,heavy intensity rain
548,San Ramon De La Nueva Oran,AR,-23.13,-64.33,87.01,56,81,10.87,light rain
549,Voh,NC,-20.97,164.7,85.69,48,89,2.28,overcast clouds
550,Nanakuli,US,21.39,-158.15,86.0,51,1,13.87,clear sky
551,Jerome,US,42.72,-114.52,39.2,64,1,4.7,clear sky
552,Manokwari,ID,-0.87,134.08,79.65,86,100,8.57,moderate rain
553,Nizwa,OM,22.93,57.53,61.0,69,27,5.5,scattered clouds
554,Riyadh,SA,24.69,46.72,53.6,62,0,2.95,clear sky
555,Cabo San Lucas,MX,22.89,-109.91,79.0,50,90,2.71,overcast clouds
556,Ostersund,SE,63.18,14.64,28.4,100,100,3.36,overcast clouds
557,Acala,MX,16.57,-92.8,80.6,57,20,12.75,few clouds
558,Orlik,RU,52.52,99.83,-2.06,87,100,1.66,overcast clouds
559,Conakry,GN,9.54,-13.68,81.7,78,30,6.76,scattered clouds
560,Igarka,RU,67.47,86.58,9.46,95,100,12.57,light snow
561,Zverinogolovskoye,RU,54.46,64.85,16.65,96,100,8.86,overcast clouds
562,Makhachkala,RU,42.98,47.5,42.8,81,90,8.95,overcast clouds
563,Hofn,IS,64.25,-15.21,35.06,82,74,18.63,broken clouds
564,Asosa,ET,10.07,34.53,66.9,34,51,4.36,broken clouds
565,Marhaura,IN,25.97,84.87,50.0,93,0,3.38,mist
566,Deputatskiy,RU,69.3,139.9,-17.59,88,100,7.0,overcast clouds
567,Ust-Kuyga,RU,70.02,135.6,-8.7,89,100,4.9,overcast clouds
568,Severodvinsk,RU,64.56,39.83,30.2,100,90,2.24,overcast clouds
569,Malanje,AO,-9.54,16.34,64.04,99,71,2.55,broken clouds
570,Gejiu,CN,23.31,103.16,51.06,100,76,4.18,broken clouds
571,Sokoni,TZ,-6.43,39.55,78.8,88,20,3.38,few clouds
572,Snyder,US,32.72,-100.92,68.0,26,40,12.75,scattered clouds
573,San Patricio,US,28.02,-97.52,80.6,65,20,27.51,few clouds
574,Taksimo,RU,56.34,114.88,0.14,83,39,4.12,scattered clouds
575,Taseyevo,RU,57.22,94.9,3.97,94,79,1.3,broken clouds
576,Banjar,ID,-8.19,114.97,77.0,94,75,1.12,broken clouds
577,Moranbah,AU,-22.0,148.05,85.91,41,93,7.4,overcast clouds
578,Mount Pleasant,US,32.79,-79.86,55.4,81,90,9.86,overcast clouds
579,Kathmandu,NP,27.72,85.32,47.41,75,12,0.65,few clouds
580,Muravlenko,RU,63.79,74.52,14.49,95,97,13.76,overcast clouds
581,Moroni,KM,-11.7,43.26,78.48,69,3,5.66,clear sky
582,Byron Bay,AU,-28.65,153.62,75.99,78,90,13.87,overcast clouds
583,Athmallik,IN,20.72,84.53,60.58,62,100,1.9,overcast clouds
584,Gampengrejo,ID,-7.77,112.02,80.83,74,84,9.73,broken clouds
585,Hovd,MN,48.01,91.64,10.13,84,72,0.51,broken clouds
586,Vammala,FI,61.33,22.9,28.99,92,90,4.7,fog
587,Limbang,MY,4.75,115.0,78.8,83,75,8.05,broken clouds
588,Hargeysa,SO,9.56,44.06,64.17,93,99,11.23,light rain
589,Maldonado,UY,-34.67,-54.92,66.0,93,86,18.34,mist
590,Zinder,NE,13.81,8.99,75.92,25,43,9.33,scattered clouds
591,Ponta Delgada,PT,37.73,-25.67,55.4,58,20,12.75,few clouds
592,Tempio Pausania,IT,40.9,9.1,53.6,81,23,1.12,few clouds
593,Urengoy,RU,65.97,78.37,12.22,96,99,10.65,overcast clouds
594,Dubbo,AU,-32.25,148.62,77.0,47,0,13.87,clear sky
595,San Juan Del Sur,NI,11.25,-85.87,78.8,94,40,6.93,scattered clouds
596,Kharabali,RU,47.42,47.26,38.8,92,100,15.35,overcast clouds
597,Mbandaka,CD,0.05,18.26,71.35,91,99,3.47,overcast clouds
598,Fairview,US,40.81,-74.0,48.2,45,1,4.7,clear sky
599,Kudahuvadhoo,MV,2.67,72.89,81.23,74,28,7.72,light rain
600,Galle,LK,6.04,80.22,78.66,83,100,11.3,light rain
601,Channahon,US,41.43,-88.23,43.0,93,90,10.29,light rain
602,Lasa,IT,46.62,10.7,30.2,80,5,2.24,clear sky
603,Skibbereen,IE,51.55,-9.27,41.0,86,0,4.7,clear sky
604,Korla,CN,41.76,86.15,17.01,87,0,2.35,clear sky
605,Maraa,BR,-1.83,-65.37,74.71,94,92,0.92,moderate rain
606,Goundam,ML,16.41,-3.67,65.88,25,0,9.95,clear sky
607,Galich,RU,58.38,42.35,31.51,99,100,3.47,overcast clouds
608,Westport,US,41.14,-73.36,44.6,48,1,3.36,clear sky
609,Ulladulla,AU,-35.35,150.47,66.2,88,75,4.7,broken clouds
610,Kondinskoye,RU,59.65,67.41,17.74,94,100,11.5,overcast clouds
611,Plouzane,FR,48.38,-4.62,55.4,93,90,14.99,overcast clouds
612,Mangan,IN,27.52,88.53,55.53,34,0,5.75,clear sky
613,Chuguyevka,RU,44.17,133.86,26.78,88,100,2.59,overcast clouds
614,Bandarbeyla,SO,9.49,50.81,76.64,85,21,9.51,few clouds
615,Karratha,AU,-20.74,116.85,85.91,52,1,4.14,clear sky
616,Roebourne,AU,-20.78,117.13,86.52,48,0,2.42,clear sky
617,Vetrni,CZ,48.77,14.29,33.01,96,0,1.05,clear sky
618,Sabha,LY,27.04,14.43,49.96,58,0,6.76,clear sky
619,Nanchang,CN,28.68,115.88,48.96,91,99,4.74,overcast clouds
620,Chara,RU,56.91,118.26,-5.12,76,30,4.03,scattered clouds
621,Bud,US,39.45,-86.18,46.4,70,1,9.17,clear sky
622,Amurrio,ES,43.05,-3.0,55.0,67,95,9.57,overcast clouds
623,Megion,RU,61.03,76.11,12.2,92,90,8.95,light snow
624,Ust-Kut,RU,56.79,105.77,0.84,90,85,1.99,overcast clouds
625,Puquio,PE,-14.7,-74.13,58.46,46,76,8.66,light rain
626,Namie,JP,37.48,141.0,48.99,91,91,8.48,overcast clouds
627,Chipinge,ZW,-20.19,32.62,68.58,87,100,4.88,light rain
628,Griffith,US,41.53,-87.42,43.0,81,90,9.17,overcast clouds
629,El Astillero,ES,43.4,-3.82,60.8,51,59,10.29,broken clouds
630,Chenzhou,CN,25.8,113.03,49.12,80,59,2.51,broken clouds
631,Kem,RU,64.96,34.58,31.41,97,98,10.27,overcast clouds
632,Amahai,ID,-3.33,128.92,83.25,74,99,2.35,overcast clouds
633,Puerto Ayacucho,VE,5.66,-67.62,77.65,84,56,3.62,broken clouds
634,Amapa,BR,1.0,-52.0,73.27,97,100,3.24,moderate rain
635,Beyla,GN,8.68,-8.63,68.72,44,65,1.86,broken clouds
636,Artyom,AZ,40.47,50.33,44.6,81,40,6.93,scattered clouds
637,Xai-Xai,MZ,-25.05,33.64,78.78,85,29,12.24,scattered clouds
638,Dondo,MZ,-19.61,34.74,78.8,94,0,2.24,clear sky
639,Treinta Y Tres,UY,-33.23,-54.38,76.5,73,2,7.36,clear sky
640,Adrar,MR,20.5,-10.07,63.09,28,96,9.91,overcast clouds
641,Ranot,TH,7.78,100.32,79.63,79,100,7.29,light rain
642,Cururupu,BR,-1.83,-44.87,77.76,87,16,4.5,few clouds
643,Marathon,US,44.9,-89.77,33.8,100,90,5.82,mist
644,Caxito,AO,-8.58,13.66,77.0,88,20,6.93,few clouds
645,Zwedru,LR,6.07,-8.13,72.52,97,75,1.97,broken clouds
646,Myitkyina,MM,25.38,97.4,58.44,84,21,1.9,few clouds
647,Acapulco,MX,16.86,-99.89,84.2,74,20,6.93,few clouds
648,Labuan,MY,5.28,115.24,77.0,94,20,3.36,few clouds
649,Icatu,BR,-2.78,-44.07,82.4,83,20,12.75,few clouds
650,Niksic,ME,42.77,18.94,53.6,70,0,2.24,clear sky
651,Kropotkin,RU,45.44,40.58,36.28,92,49,6.78,scattered clouds
652,Viedma,AR,-40.81,-63.0,61.0,49,1,14.25,clear sky
653,Sao Paulo De Olivenca,BR,-3.38,-68.87,76.51,95,100,2.48,overcast clouds
654,Beyneu,KZ,45.32,55.2,29.79,94,36,7.7,scattered clouds
655,Fuerte Olimpo,PY,-21.04,-57.87,88.11,37,10,6.33,clear sky
656,Key West,US,24.56,-81.78,78.8,73,1,13.87,clear sky
657,Sola,VU,-13.88,167.55,79.93,76,23,3.89,few clouds
658,Lixourion,GR,38.2,20.43,57.47,65,25,9.1,scattered clouds
659,San Carlos De Bariloche,AR,-41.15,-71.31,55.0,81,75,14.99,light intensity drizzle
660,Normandin,CA,48.83,-72.53,19.4,72,40,3.36,scattered clouds
661,Puerto Baquerizo Moreno,EC,-0.9,-89.6,70.12,83,90,9.55,overcast clouds
662,Biak,ID,-0.91,122.88,82.72,68,100,1.41,overcast clouds
663,Kyzyl-Suu,KG,42.34,78.01,20.61,71,40,7.34,scattered clouds
664,Ayan,RU,56.45,138.17,9.23,83,99,19.44,overcast clouds
665,Anderson,US,34.53,-82.65,48.2,57,1,3.36,clear sky
666,Naifaru,MV,5.44,73.37,81.41,63,91,3.62,overcast clouds
667,Aksu,CN,41.12,80.26,21.13,82,40,4.99,scattered clouds
668,Miraflores,MX,19.22,-98.81,77.0,15,5,3.36,clear sky
669,Cervo,ES,43.67,-7.41,55.0,91,100,3.0,light rain
670,Kyabe,TD,9.45,18.94,77.18,31,100,4.83,overcast clouds
671,Kalmunai,LK,7.42,81.82,77.38,83,100,6.31,overcast clouds
672,Lubango,AO,-14.92,13.49,63.0,73,100,0.69,overcast clouds
673,Hervey Bay,AU,-25.3,152.85,82.99,70,100,1.01,heavy intensity rain
674,Lebyazhye,RU,55.27,66.49,14.58,96,100,8.75,overcast clouds
675,Longhua,CN,23.61,114.19,66.29,70,51,2.53,broken clouds
676,Namibe,AO,-15.2,12.15,70.3,75,57,4.63,broken clouds
677,Kalevala,RU,65.2,31.17,25.07,97,0,3.78,clear sky
678,El Coco,PA,8.87,-79.81,80.6,100,75,2.24,broken clouds
679,Kaolinovo,BG,43.62,27.12,42.01,77,0,3.62,clear sky
680,Ankang,CN,32.68,109.02,39.69,77,96,0.25,overcast clouds
681,Muisne,EC,0.6,-80.03,72.64,88,98,8.3,overcast clouds
682,Sigli,ID,5.38,95.96,78.69,78,5,3.29,clear sky
683,Atambua,ID,-9.11,124.89,85.73,58,17,0.16,few clouds
684,Havoysund,NO,71.0,24.66,30.2,74,0,13.87,clear sky
685,Grand Forks,US,47.94,-97.43,30.2,100,90,14.99,overcast clouds
686,Le Francois,MQ,14.62,-60.9,78.8,83,20,6.93,few clouds
687,Tungor,RU,53.38,142.96,16.68,95,82,18.61,light snow
688,Sironj,IN,24.1,77.7,55.26,46,0,5.26,clear sky
689,Kuusamo,FI,65.97,29.18,23.0,92,90,6.93,overcast clouds
690,Sakaiminato,JP,35.55,133.23,48.2,93,75,3.36,broken clouds
691,Olafsvik,IS,64.89,-23.71,34.54,85,67,13.42,broken clouds
692,Affery,CI,6.32,-3.96,73.33,96,75,2.68,broken clouds
693,Kouango,CF,4.99,19.96,72.79,58,99,2.35,overcast clouds
694,Norsup,VU,-16.07,167.38,86.0,70,40,3.36,scattered clouds
695,Batouri,CM,4.43,14.37,70.2,52,75,2.8,broken clouds
696,Carballo,ES,43.21,-8.69,50.0,95,100,2.37,overcast clouds
697,Mutoko,ZW,-17.4,32.23,71.64,71,100,6.2,overcast clouds
698,Sungairaya,ID,0.7,108.9,77.7,85,100,3.6,overcast clouds
699,Atlantis,ZA,-33.57,18.48,57.0,90,84,5.08,broken clouds
700,Puerto Madero,MX,14.72,-92.42,84.2,74,40,6.93,scattered clouds
701,Kimbe,PG,-5.55,150.14,80.69,83,100,5.95,moderate rain
